Thread Size	Length	Thread Starts	Speed Ratio	Travel Distance per Turn	Thread Fit	Fastener Strength Grade	Hardness	Tensile Strength	Specifications Met	Part Number	Price	Material	Thread Direction
"1/4""-16"	"12"""	1	1:1	"0.063"""	Class 2G	Grade 2	Rockwell B61	53000	ASTM A108	98935A703	3.95	Carbon Steel	right
"1/4""-16"	3 ft.	1	1:1	"0.063"""	Class 2G	Grade 2	Rockwell B61	53000	ASTM A108	98935A803	10.78	Carbon Steel	right
"1/4""-16"	6 ft.	1	1:1	"0.063"""	Class 2G	Grade 2	Rockwell B61	53000	ASTM A108	98935A205	19.61	Carbon Steel	right
"3/8""-8"	"12"""	1	1:1	"0.125"""	Class 2G	Grade 2	Rockwell B61	53000	ASTM A108	98935A706	8.86	Carbon Steel	right
"3/8""-8"	3 ft.	1	1:1	"0.125"""	Class 2G	Grade 2	Rockwell B61	53000	ASTM A108	98935A807	16.58	Carbon Steel	right
"3/8""-8"	6 ft.	1	1:1	"0.125"""	Class 2G	Grade 2	Rockwell B61	53000	ASTM A108	98935A211	30.07	Carbon Steel	right
"3/8""-12"	"12"""	1	1:1	"0.083"""	Class 2G	Grade 2	Rockwell B61	53000	ASTM A108	98935A712	4.51	Carbon Steel	right
"3/8""-12"	3 ft.	1	1:1	"0.083"""	Class 2G	Grade 2	Rockwell B61	53000	ASTM A108	98935A817	8.62	Carbon Steel	right
"3/8""-12"	6 ft.	1	1:1	"0.083"""	Class 2G	Grade 2	Rockwell B61	53000	ASTM A108	98935A217	13.39	Carbon Steel	right
"3/8""-12"	12 ft.	1	1:1	"0.083"""	Class 2G	Grade 2	Rockwell B61	53000	ASTM A108	98935A622	15.6	Carbon Steel	right
"1/2""-8"	"12"""	1	1:1	"0.125"""	Class 2G	Grade 2	Rockwell B61	53000	ASTM A108	98935A715	6	Carbon Steel	right
"1/2""-8"	3 ft.	1	1:1	"0.125"""	Class 2G	Grade 2	Rockwell B61	53000	ASTM A108	98935A820	18.43	Carbon Steel	right
"1/2""-8"	6 ft.	1	1:1	"0.125"""	Class 2G	Grade 2	Rockwell B61	53000	ASTM A108	98935A031	33.36	Carbon Steel	right
"1/2""-10"	"12"""	1	1:1	"0.1"""	Class 2G	Grade 2	Rockwell B61	53000	ASTM A108	98935A718	5.5	Carbon Steel	right
"1/2""-10"	2 ft.	1	1:1	"0.1"""	Class 2G	Grade 2	Rockwell B61	53000	ASTM A108	98935A911	5.93	Carbon Steel	right
"1/2""-10"	3 ft.	1	1:1	"0.1"""	Class 2G	Grade 2	Rockwell B61	53000	ASTM A108	98935A823	8.28	Carbon Steel	right
"1/2""-10"	4 ft.	1	1:1	"0.1"""	Class 2G	Grade 2	Rockwell B61	53000	ASTM A108	98935A912	9.76	Carbon Steel	right
"1/2""-10"	6 ft.	1	1:1	"0.1"""	Class 2G	Grade 2	Rockwell B61	53000	ASTM A108	98935A033	14.7	Carbon Steel	right
"1/2""-10"	8 ft.	1	1:1	"0.1"""	Class 2G	Grade 2	Rockwell B61	53000	ASTM A108	98935A913	17.76	Carbon Steel	right
"1/2""-10"	12 ft.	1	1:1	"0.1"""	Class 2G	Grade 2	Rockwell B61	53000	ASTM A108	98935A632	23.1	Carbon Steel	right
"5/8""-6"	"12"""	1	1:1	"0.167"""	Class 2G	Grade 2	Rockwell B61	53000	ASTM A108	98935A721	4.2	Carbon Steel	right
"5/8""-6"	3 ft.	1	1:1	"0.167"""	Class 2G	Grade 2	Rockwell B61	53000	ASTM A108	98935A827	11.43	Carbon Steel	right
"5/8""-6"	6 ft.	1	1:1	"0.167"""	Class 2G	Grade 2	Rockwell B61	53000	ASTM A108	98935A034	20.58	Carbon Steel	right
"5/8""-8"	"12"""	1	1:1	"0.125"""	Class 2G	Grade 2	Rockwell B61	53000	ASTM A108	98935A724	7	Carbon Steel	right
"5/8""-8"	2 ft.	1	1:1	"0.125"""	Class 2G	Grade 2	Rockwell B61	53000	ASTM A108	98935A914	8.29	Carbon Steel	right
"5/8""-8"	3 ft.	1	1:1	"0.125"""	Class 2G	Grade 2	Rockwell B61	53000	ASTM A108	98935A829	8.38	Carbon Steel	right
"5/8""-8"	4 ft.	1	1:1	"0.125"""	Class 2G	Grade 2	Rockwell B61	53000	ASTM A108	98935A915	12.21	Carbon Steel	right
"5/8""-8"	6 ft.	1	1:1	"0.125"""	Class 2G	Grade 2	Rockwell B61	53000	ASTM A108	98935A035	19.08	Carbon Steel	right
"5/8""-8"	8 ft.	1	1:1	"0.125"""	Class 2G	Grade 2	Rockwell B61	53000	ASTM A108	98935A916	24.52	Carbon Steel	right
"5/8""-8"	12 ft.	1	1:1	"0.125"""	Class 2G	Grade 2	Rockwell B61	53000	ASTM A108	98935A642	30.46	Carbon Steel	right
"3/4""-5"	"12"""	1	1:1	"0.2"""	Class 2G	Grade 2	Rockwell B61	53000	ASTM A108	98935A728	9.38	Carbon Steel	right
"3/4""-5"	3 ft.	1	1:1	"0.2"""	Class 2G	Grade 2	Rockwell B61	53000	ASTM A108	98935A837	18.68	Carbon Steel	right
"3/4""-5"	6 ft.	1	1:1	"0.2"""	Class 2G	Grade 2	Rockwell B61	53000	ASTM A108	98935A218	25.06	Carbon Steel	right
"3/4""-5"	12 ft.	1	1:1	"0.2"""	Class 2G	Grade 2	Rockwell B61	53000	ASTM A108	98935A652	52.57	Carbon Steel	right
"3/4""-6"	"12"""	1	1:1	"0.167"""	Class 2G	Grade 2	Rockwell B61	53000	ASTM A108	98935A732	7	Carbon Steel	right
"3/4""-6"	2 ft.	1	1:1	"0.167"""	Class 2G	Grade 2	Rockwell B61	53000	ASTM A108	98935A917	9.41	Carbon Steel	right
"3/4""-6"	3 ft.	1	1:1	"0.167"""	Class 2G	Grade 2	Rockwell B61	53000	ASTM A108	98935A838	12.73	Carbon Steel	right
"3/4""-6"	4 ft.	1	1:1	"0.167"""	Class 2G	Grade 2	Rockwell B61	53000	ASTM A108	98935A918	16.33	Carbon Steel	right
"3/4""-6"	6 ft.	1	1:1	"0.167"""	Class 2G	Grade 2	Rockwell B61	53000	ASTM A108	98935A036	26.04	Carbon Steel	right
"3/4""-6"	8 ft.	1	1:1	"0.167"""	Class 2G	Grade 2	Rockwell B61	53000	ASTM A108	98935A919	33.81	Carbon Steel	right
"3/4""-6"	12 ft.	1	1:1	"0.167"""	Class 2G	Grade 2	Rockwell B61	53000	ASTM A108	98935A653	36.73	Carbon Steel	right
"3/4""-8"	"12"""	1	1:1	"0.125"""	Class 2G	Grade 2	Rockwell B61	53000	ASTM A108	98935A736	4.5	Carbon Steel	right
"3/4""-8"	3 ft.	1	1:1	"0.125"""	Class 2G	Grade 2	Rockwell B61	53000	ASTM A108	98935A842	12.91	Carbon Steel	right
"3/4""-8"	6 ft.	1	1:1	"0.125"""	Class 2G	Grade 2	Rockwell B61	53000	ASTM A108	98935A039	23.46	Carbon Steel	right
"7/8""-6"	"12"""	1	1:1	"0.167"""	Class 2G	Grade 2	Rockwell B61	53000	ASTM A108	98935A739	12.38	Carbon Steel	right
"7/8""-6"	3 ft.	1	1:1	"0.167"""	Class 2G	Grade 2	Rockwell B61	53000	ASTM A108	98935A846	16.68	Carbon Steel	right
"7/8""-6"	6 ft.	1	1:1	"0.167"""	Class 2G	Grade 2	Rockwell B61	53000	ASTM A108	98935A037	37.64	Carbon Steel	right
"7/8""-6"	12 ft.	1	1:1	"0.167"""	Class 2G	Grade 2	Rockwell B61	53000	ASTM A108	98935A662	60.67	Carbon Steel	right
"1""-4"	"12"""	1	1:1	"0.25"""	Class 2G	Grade 2	Rockwell B61	53000	ASTM A108	98935A741	17.9	Carbon Steel	right
"1""-4"	3 ft.	1	1:1	"0.25"""	Class 2G	Grade 2	Rockwell B61	53000	ASTM A108	98935A853	24.35	Carbon Steel	right
"1""-4"	6 ft.	1	1:1	"0.25"""	Class 2G	Grade 2	Rockwell B61	53000	ASTM A108	98935A109	40.88	Carbon Steel	right
"1""-5"	"12"""	1	1:1	"0.2"""	Class 2G	Grade 2	Rockwell B61	53000	ASTM A108	98935A744	10.1	Carbon Steel	right
"1""-5"	2 ft.	1	1:1	"0.2"""	Class 2G	Grade 2	Rockwell B61	53000	ASTM A108	98935A921	15.79	Carbon Steel	right
"1""-5"	3 ft.	1	1:1	"0.2"""	Class 2G	Grade 2	Rockwell B61	53000	ASTM A108	98935A861	18.9	Carbon Steel	right
"1""-5"	4 ft.	1	1:1	"0.2"""	Class 2G	Grade 2	Rockwell B61	53000	ASTM A108	98935A922	30.5	Carbon Steel	right
"1""-5"	6 ft.	1	1:1	"0.2"""	Class 2G	Grade 2	Rockwell B61	53000	ASTM A108	98935A110	35.77	Carbon Steel	right
"1""-5"	8 ft.	1	1:1	"0.2"""	Class 2G	Grade 2	Rockwell B61	53000	ASTM A108	98935A923	51.35	Carbon Steel	right
"1""-5"	12 ft.	1	1:1	"0.2"""	Class 2G	Grade 2	Rockwell B61	53000	ASTM A108	98935A672	68.75	Carbon Steel	right
"1""-6"	"12"""	1	1:1	"0.167"""	Class 2G	Grade 2	Rockwell B61	53000	ASTM A108	98935A748	12.2	Carbon Steel	right
"1""-6"	3 ft.	1	1:1	"0.167"""	Class 2G	Grade 2	Rockwell B61	53000	ASTM A108	98935A862	19.75	Carbon Steel	right
"1""-6"	6 ft.	1	1:1	"0.167"""	Class 2G	Grade 2	Rockwell B61	53000	ASTM A108	98935A111	40.53	Carbon Steel	right
"1""-6"	12 ft.	1	1:1	"0.167"""	Class 2G	Grade 2	Rockwell B61	53000	ASTM A108	98935A673	71.85	Carbon Steel	right
"1""-8"	"12"""	1	1:1	"0.125"""	Class 2G	Grade 2	Rockwell B61	53000	ASTM A108	98935A751	16	Carbon Steel	right
"1""-8"	3 ft.	1	1:1	"0.125"""	Class 2G	Grade 2	Rockwell B61	53000	ASTM A108	98935A864	31.11	Carbon Steel	right
"1""-8"	6 ft.	1	1:1	"0.125"""	Class 2G	Grade 2	Rockwell B61	53000	ASTM A108	98935A041	56.57	Carbon Steel	right
"1""-10"	"12"""	1	1:1	"0.1"""	Class 2G	Grade 2	Rockwell B61	53000	ASTM A108	98935A754	13.75	Carbon Steel	right
"1""-10"	3 ft.	1	1:1	"0.1"""	Class 2G	Grade 2	Rockwell B61	53000	ASTM A108	98935A866	19.9	Carbon Steel	right
"1""-10"	6 ft.	1	1:1	"0.1"""	Class 2G	Grade 2	Rockwell B61	53000	ASTM A108	98935A219	40.53	Carbon Steel	right
"1""-10"	12 ft.	1	1:1	"0.1"""	Class 2G	Grade 2	Rockwell B61	53000	ASTM A108	98935A676	68.95	Carbon Steel	right
"1 1/8""-5"	"12"""	1	1:1	"0.2"""	Class 2G	Grade 2	Rockwell B61	53000	ASTM A108	98935A757	18.38	Carbon Steel	right
"1 1/8""-5"	3 ft.	1	1:1	"0.2"""	Class 2G	Grade 2	Rockwell B61	53000	ASTM A108	98935A873	27.98	Carbon Steel	right
"1 1/8""-5"	6 ft.	1	1:1	"0.2"""	Class 2G	Grade 2	Rockwell B61	53000	ASTM A108	98935A328	64.65	Carbon Steel	right
"1 1/4""-4"	"12"""	1	1:1	"0.25"""	Class 2G	Grade 2	Rockwell B61	53000	ASTM A108	98935A761	16.05	Carbon Steel	right
"1 1/4""-4"	3 ft.	1	1:1	"0.25"""	Class 2G	Grade 2	Rockwell B61	53000	ASTM A108	98935A877	27.73	Carbon Steel	right
"1 1/4""-4"	6 ft.	1	1:1	"0.25"""	Class 2G	Grade 2	Rockwell B61	53000	ASTM A108	98935A112	76.1	Carbon Steel	right
"1 1/4""-4"	12 ft.	1	1:1	"0.25"""	Class 2G	Grade 2	Rockwell B61	53000	ASTM A108	98935A682	100.85	Carbon Steel	right
"1 1/4""-5"	"12"""	1	1:1	"0.2"""	Class 2G	Grade 2	Rockwell B61	53000	ASTM A108	98935A764	17.3	Carbon Steel	right
"1 1/4""-5"	3 ft.	1	1:1	"0.2"""	Class 2G	Grade 2	Rockwell B61	53000	ASTM A108	98935A878	28.35	Carbon Steel	right
"1 1/4""-5"	6 ft.	1	1:1	"0.2"""	Class 2G	Grade 2	Rockwell B61	53000	ASTM A108	98935A131	79.27	Carbon Steel	right
"1 1/4""-5"	12 ft.	1	1:1	"0.2"""	Class 2G	Grade 2	Rockwell B61	53000	ASTM A108	98935A683	103.05	Carbon Steel	right
"1 3/8""-4"	"12"""	1	1:1	"0.25"""	Class 2G	Grade 2	Rockwell B61	53000	ASTM A108	98935A767	26.33	Carbon Steel	right
"1 3/8""-4"	3 ft.	1	1:1	"0.25"""	Class 2G	Grade 2	Rockwell B61	53000	ASTM A108	98935A882	38.43	Carbon Steel	right
"1 3/8""-4"	6 ft.	1	1:1	"0.25"""	Class 2G	Grade 2	Rockwell B61	53000	ASTM A108	98935A329	99.34	Carbon Steel	right
"1 1/2""-4"	"12"""	1	1:1	"0.25"""	Class 2G	Grade 2	Rockwell B61	53000	ASTM A108	98935A771	20	Carbon Steel	right
"1 1/2""-4"	2 ft.	1	1:1	"0.25"""	Class 2G	Grade 2	Rockwell B61	53000	ASTM A108	98935A924	36.29	Carbon Steel	right
"1 1/2""-4"	3 ft.	1	1:1	"0.25"""	Class 2G	Grade 2	Rockwell B61	53000	ASTM A108	98935A885	46.16	Carbon Steel	right
"1 1/2""-4"	4 ft.	1	1:1	"0.25"""	Class 2G	Grade 2	Rockwell B61	53000	ASTM A108	98935A925	59.95	Carbon Steel	right
"1 1/2""-4"	6 ft.	1	1:1	"0.25"""	Class 2G	Grade 2	Rockwell B61	53000	ASTM A108	98935A113	124.7	Carbon Steel	right
"1 1/2""-4"	8 ft.	1	1:1	"0.25"""	Class 2G	Grade 2	Rockwell B61	53000	ASTM A108	98935A926	130.8	Carbon Steel	right
"1 1/2""-4"	12 ft.	1	1:1	"0.25"""	Class 2G	Grade 2	Rockwell B61	53000	ASTM A108	98935A692	138.62	Carbon Steel	right
"1 1/2""-5"	"12"""	1	1:1	"0.2"""	Class 2G	Grade 2	Rockwell B61	53000	ASTM A108	98935A774	20	Carbon Steel	right
"1 1/2""-5"	3 ft.	1	1:1	"0.2"""	Class 2G	Grade 2	Rockwell B61	53000	ASTM A108	98935A889	54.56	Carbon Steel	right
"1 1/2""-5"	6 ft.	1	1:1	"0.2"""	Class 2G	Grade 2	Rockwell B61	53000	ASTM A108	98935A331	99.15	Carbon Steel	right
"2""-4"	"12"""	1	1:1	"0.25"""	Class 2G	Grade 2	Rockwell B61	53000	ASTM A108	98935A779	24.91	Carbon Steel	right
"2""-4"	3 ft.	1	1:1	"0.25"""	Class 2G	Grade 2	Rockwell B61	53000	ASTM A108	98935A893	69	Carbon Steel	right
"2""-4"	6 ft.	1	1:1	"0.25"""	Class 2G	Grade 2	Rockwell B61	53000	ASTM A108	98935A114	178.34	Carbon Steel	right
"2 1/2""-4"	"12"""	1	1:1	"0.25"""	Class 2G	Grade 2	Rockwell B61	53000	ASTM A108	98935A785	72.33	Carbon Steel	right
"2 1/2""-4"	3 ft.	1	1:1	"0.25"""	Class 2G	Grade 2	Rockwell B61	53000	ASTM A108	98935A901	210.24	Carbon Steel	right
"2 1/2""-4"	6 ft.	1	1:1	"0.25"""	Class 2G	Grade 2	Rockwell B61	53000	ASTM A108	98935A215	266.37	Carbon Steel	right
"3/8""-8"	"12"""	1	1:1	"0.125"""	Class 2G	Grade 2	Rockwell B61	53000	ASTM A108	98941A730	11.34	Zinc-Plated Carbon Steel	right
"3/8""-8"	3 ft.	1	1:1	"0.125"""	Class 2G	Grade 2	Rockwell B61	53000	ASTM A108	98941A420	35.64	Zinc-Plated Carbon Steel	right
"3/8""-8"	6 ft.	1	1:1	"0.125"""	Class 2G	Grade 2	Rockwell B61	53000	ASTM A108	98941A240	60.82	Zinc-Plated Carbon Steel	right
"1/2""-10"	"6"""	1	1:1	"0.1"""	Class 2G	Grade 2	Rockwell B61	53000	ASTM A108	93255A431	11.74	Zinc-Plated Carbon Steel	right
"1/2""-10"	"12"""	1	1:1	"0.1"""	Class 2G	Grade 2	Rockwell B61	53000	ASTM A108	98941A735	13.1	Zinc-Plated Carbon Steel	right
"1/2""-10"	3 ft.	1	1:1	"0.1"""	Class 2G	Grade 2	Rockwell B61	53000	ASTM A108	98941A425	21.76	Zinc-Plated Carbon Steel	right
"1/2""-10"	6 ft.	1	1:1	"0.1"""	Class 2G	Grade 2	Rockwell B61	53000	ASTM A108	98941A250	31.09	Zinc-Plated Carbon Steel	right
"5/8""-8"	"6"""	1	1:1	"0.125"""	Class 2G	Grade 2	Rockwell B61	53000	ASTM A108	93255A441	13.01	Zinc-Plated Carbon Steel	right
"5/8""-8"	"12"""	1	1:1	"0.125"""	Class 2G	Grade 2	Rockwell B61	53000	ASTM A108	98941A740	16.9	Zinc-Plated Carbon Steel	right
"5/8""-8"	3 ft.	1	1:1	"0.125"""	Class 2G	Grade 2	Rockwell B61	53000	ASTM A108	98941A430	28.52	Zinc-Plated Carbon Steel	right
"5/8""-8"	6 ft.	1	1:1	"0.125"""	Class 2G	Grade 2	Rockwell B61	53000	ASTM A108	98941A260	32.53	Zinc-Plated Carbon Steel	right
"3/4""-5"	"6"""	1	1:1	"0.2"""	Class 2G	Grade 2	Rockwell B61	53000	ASTM A108	93255A205	15.19	Zinc-Plated Carbon Steel	right
"3/4""-5"	"12"""	1	1:1	"0.2"""	Class 2G	Grade 2	Rockwell B61	53000	ASTM A108	98941A745	20.22	Zinc-Plated Carbon Steel	right
"3/4""-5"	"18"""	1	1:1	"0.2"""	Class 2G	Grade 2	Rockwell B61	53000	ASTM A108	93255A233	27.8	Zinc-Plated Carbon Steel	right
"3/4""-5"	3 ft.	1	1:1	"0.2"""	Class 2G	Grade 2	Rockwell B61	53000	ASTM A108	98941A435	33.46	Zinc-Plated Carbon Steel	right
"3/4""-5"	6 ft.	1	1:1	"0.2"""	Class 2G	Grade 2	Rockwell B61	53000	ASTM A108	98941A268	47.58	Zinc-Plated Carbon Steel	right
"3/4""-6"	"6"""	1	1:1	"0.167"""	Class 2G	Grade 2	Rockwell B61	53000	ASTM A108	93255A451	15.19	Zinc-Plated Carbon Steel	right
"3/4""-6"	"12"""	1	1:1	"0.167"""	Class 2G	Grade 2	Rockwell B61	53000	ASTM A108	98941A750	20.45	Zinc-Plated Carbon Steel	right
"3/4""-6"	"16"""	1	1:1	"0.167"""	Class 2G	Grade 2	Rockwell B61	53000	ASTM A108	93255A461	25.71	Zinc-Plated Carbon Steel	right
"3/4""-6"	"18"""	1	1:1	"0.167"""	Class 2G	Grade 2	Rockwell B61	53000	ASTM A108	93255A463	27.8	Zinc-Plated Carbon Steel	right
"3/4""-6"	3 ft.	1	1:1	"0.167"""	Class 2G	Grade 2	Rockwell B61	53000	ASTM A108	98941A440	35.47	Zinc-Plated Carbon Steel	right
"3/4""-6"	6 ft.	1	1:1	"0.167"""	Class 2G	Grade 2	Rockwell B61	53000	ASTM A108	98941A270	51.35	Zinc-Plated Carbon Steel	right
"1""-5"	"6"""	1	1:1	"0.2"""	Class 2G	Grade 2	Rockwell B61	53000	ASTM A108	93255A471	19.08	Zinc-Plated Carbon Steel	right
"1""-5"	"10"""	1	1:1	"0.2"""	Class 2G	Grade 2	Rockwell B61	53000	ASTM A108	93255A475	25.54	Zinc-Plated Carbon Steel	right
"1""-5"	"12"""	1	1:1	"0.2"""	Class 2G	Grade 2	Rockwell B61	53000	ASTM A108	98941A755	20.83	Zinc-Plated Carbon Steel	right
"1""-5"	"18"""	1	1:1	"0.2"""	Class 2G	Grade 2	Rockwell B61	53000	ASTM A108	93255A505	38.59	Zinc-Plated Carbon Steel	right
"1""-5"	3 ft.	1	1:1	"0.2"""	Class 2G	Grade 2	Rockwell B61	53000	ASTM A108	98941A445	51.07	Zinc-Plated Carbon Steel	right
"1""-5"	6 ft.	1	1:1	"0.2"""	Class 2G	Grade 2	Rockwell B61	53000	ASTM A108	98941A280	65.2	Zinc-Plated Carbon Steel	right
"1""-6"	"12"""	1	1:1	"0.167"""	Class 2G	Grade 2	Rockwell B61	53000	ASTM A108	98941A760	20.35	Zinc-Plated Carbon Steel	right
"1""-6"	3 ft.	1	1:1	"0.167"""	Class 2G	Grade 2	Rockwell B61	53000	ASTM A108	98941A450	44.05	Zinc-Plated Carbon Steel	right
"1""-6"	6 ft.	1	1:1	"0.167"""	Class 2G	Grade 2	Rockwell B61	53000	ASTM A108	98941A282	69.08	Zinc-Plated Carbon Steel	right
"1 1/4""-5"	"6"""	1	1:1	"0.2"""	Class 2G	Grade 2	Rockwell B61	53000	ASTM A108	93255A481	24.39	Zinc-Plated Carbon Steel	right
"1 1/4""-5"	"12"""	1	1:1	"0.2"""	Class 2G	Grade 2	Rockwell B61	53000	ASTM A108	93255A487	37.37	Zinc-Plated Carbon Steel	right
"1 1/4""-5"	"18"""	1	1:1	"0.2"""	Class 2G	Grade 2	Rockwell B61	53000	ASTM A108	93255A493	49.32	Zinc-Plated Carbon Steel	right
"1 1/4""-5"	3 ft.	1	1:1	"0.2"""	Class 2G	Grade 2	Rockwell B61	53000	ASTM A108	98941A455	72.19	Zinc-Plated Carbon Steel	right
"1 1/4""-5"	6 ft.	1	1:1	"0.2"""	Class 2G	Grade 2	Rockwell B61	53000	ASTM A108	98941A290	113.65	Zinc-Plated Carbon Steel	right
"1 1/2""-4"	"6"""	1	1:1	"0.25"""	Class 2G	Grade 2	Rockwell B61	53000	ASTM A108	93255A621	29.61	Zinc-Plated Carbon Steel	right
"1 1/2""-4"	"12"""	1	1:1	"0.25"""	Class 2G	Grade 2	Rockwell B61	53000	ASTM A108	98941A770	53.44	Zinc-Plated Carbon Steel	right
"1 1/2""-4"	"18"""	1	1:1	"0.25"""	Class 2G	Grade 2	Rockwell B61	53000	ASTM A108	93255A649	88.52	Zinc-Plated Carbon Steel	right
"1 1/2""-4"	3 ft.	1	1:1	"0.25"""	Class 2G	Grade 2	Rockwell B61	53000	ASTM A108	98941A460	203.42	Zinc-Plated Carbon Steel	right
"1 1/2""-4"	6 ft.	1	1:1	"0.25"""	Class 2G	Grade 2	Rockwell B61	53000	ASTM A108	98941A300	335.98	Zinc-Plated Carbon Steel	right
"1/4""-16"	"6"""	1	1:1	"0.063"""	Class 2G	Grade B7	Rockwell C35	125000	ASTM A193	93420A881	9.25	Alloy Steel	right
"1/4""-16"	"12"""	1	1:1	"0.063"""	Class 2G	Grade B7	Rockwell C35	125000	ASTM A193	93410A904	11.03	Alloy Steel	right
"1/4""-16"	3 ft.	1	1:1	"0.063"""	Class 2G	Grade B7	Rockwell C35	125000	ASTM A193	93410A606	32.41	Alloy Steel	right
"1/4""-16"	6 ft.	1	1:1	"0.063"""	Class 2G	Grade B7	Rockwell C35	125000	ASTM A193	93410A305	60.34	Alloy Steel	right
"3/8""-8"	"12"""	1	1:1	"0.125"""	Class 2G	Grade B7	Rockwell C35	125000	ASTM A193	93410A908	11.03	Alloy Steel	right
"3/8""-8"	3 ft.	1	1:1	"0.125"""	Class 2G	Grade B7	Rockwell C35	125000	ASTM A193	93410A607	32.76	Alloy Steel	right
"3/8""-8"	6 ft.	1	1:1	"0.125"""	Class 2G	Grade B7	Rockwell C35	125000	ASTM A193	93410A310	65.41	Alloy Steel	right
"3/8""-10"	"12"""	1	1:1	"0.1"""	Class 2G	Grade B7	Rockwell C35	125000	ASTM A193	93410A912	14.83	Alloy Steel	right
"3/8""-10"	3 ft.	1	1:1	"0.1"""	Class 2G	Grade B7	Rockwell C35	125000	ASTM A193	93410A608	43.7	Alloy Steel	right
"3/8""-10"	6 ft.	1	1:1	"0.1"""	Class 2G	Grade B7	Rockwell C35	125000	ASTM A193	93410A315	79.72	Alloy Steel	right
"3/8""-12"	"6"""	1	1:1	"0.083"""	Class 2G	Grade B7	Rockwell C35	125000	ASTM A193	93420A882	9.81	Alloy Steel	right
"3/8""-12"	"12"""	1	1:1	"0.083"""	Class 2G	Grade B7	Rockwell C35	125000	ASTM A193	93410A916	11.59	Alloy Steel	right
"3/8""-12"	2 ft.	1	1:1	"0.083"""	Class 2G	Grade B7	Rockwell C35	125000	ASTM A193	93410A111	22.84	Alloy Steel	right
"3/8""-12"	3 ft.	1	1:1	"0.083"""	Class 2G	Grade B7	Rockwell C35	125000	ASTM A193	93410A609	34.14	Alloy Steel	right
"3/8""-12"	6 ft.	1	1:1	"0.083"""	Class 2G	Grade B7	Rockwell C35	125000	ASTM A193	93410A110	62.07	Alloy Steel	right
"3/8""-12"	12 ft.	1	1:1	"0.083"""	Class 2G	Grade B7	Rockwell C35	125000	ASTM A193	93410A825	122.76	Alloy Steel	right
"1/2""-8"	"12"""	1	1:1	"0.125"""	Class 2G	Grade B7	Rockwell C35	125000	ASTM A193	93410A920	16.38	Alloy Steel	right
"1/2""-8"	3 ft.	1	1:1	"0.125"""	Class 2G	Grade B7	Rockwell C35	125000	ASTM A193	93410A611	48.28	Alloy Steel	right
"1/2""-8"	6 ft.	1	1:1	"0.125"""	Class 2G	Grade B7	Rockwell C35	125000	ASTM A193	93410A320	70.07	Alloy Steel	right
"1/2""-10"	"6"""	1	1:1	"0.1"""	Class 2G	Grade B7	Rockwell C35	125000	ASTM A193	93420A110	14.38	Alloy Steel	right
"1/2""-10"	"8"""	1	1:1	"0.1"""	Class 2G	Grade B7	Rockwell C35	125000	ASTM A193	93420A130	19.16	Alloy Steel	right
"1/2""-10"	"10"""	1	1:1	"0.1"""	Class 2G	Grade B7	Rockwell C35	125000	ASTM A193	93420A150	21.21	Alloy Steel	right
"1/2""-10"	"12"""	1	1:1	"0.1"""	Class 2G	Grade B7	Rockwell C35	125000	ASTM A193	93410A924	16.38	Alloy Steel	right
"1/2""-10"	2 ft.	1	1:1	"0.1"""	Class 2G	Grade B7	Rockwell C35	125000	ASTM A193	93410A112	21.83	Alloy Steel	right
"1/2""-10"	3 ft.	1	1:1	"0.1"""	Class 2G	Grade B7	Rockwell C35	125000	ASTM A193	93410A615	28.97	Alloy Steel	right
"1/2""-10"	4 ft.	1	1:1	"0.1"""	Class 2G	Grade B7	Rockwell C35	125000	ASTM A193	93410A113	34.07	Alloy Steel	right
"1/2""-10"	6 ft.	1	1:1	"0.1"""	Class 2G	Grade B7	Rockwell C35	125000	ASTM A193	93410A120	48.28	Alloy Steel	right
"1/2""-10"	8 ft.	1	1:1	"0.1"""	Class 2G	Grade B7	Rockwell C35	125000	ASTM A193	93410A114	65.56	Alloy Steel	right
"1/2""-10"	12 ft.	1	1:1	"0.1"""	Class 2G	Grade B7	Rockwell C35	125000	ASTM A193	93410A840	96.49	Alloy Steel	right
"5/8""-6"	"12"""	1	1:1	"0.167"""	Class 2G	Grade B7	Rockwell C35	125000	ASTM A193	93410A928	23.62	Alloy Steel	right
"5/8""-6"	3 ft.	1	1:1	"0.167"""	Class 2G	Grade B7	Rockwell C35	125000	ASTM A193	93410A617	46.21	Alloy Steel	right
"5/8""-6"	6 ft.	1	1:1	"0.167"""	Class 2G	Grade B7	Rockwell C35	125000	ASTM A193	93410A325	77.24	Alloy Steel	right
"5/8""-8"	"6"""	1	1:1	"0.125"""	Class 2G	Grade B7	Rockwell C35	125000	ASTM A193	93420A210	15.47	Alloy Steel	right
"5/8""-8"	"12"""	1	1:1	"0.125"""	Class 2G	Grade B7	Rockwell C35	125000	ASTM A193	93410A932	18.03	Alloy Steel	right
"5/8""-8"	2 ft.	1	1:1	"0.125"""	Class 2G	Grade B7	Rockwell C35	125000	ASTM A193	93410A115	27	Alloy Steel	right
"5/8""-8"	3 ft.	1	1:1	"0.125"""	Class 2G	Grade B7	Rockwell C35	125000	ASTM A193	93410A620	37.41	Alloy Steel	right
"5/8""-8"	4 ft.	1	1:1	"0.125"""	Class 2G	Grade B7	Rockwell C35	125000	ASTM A193	93410A116	42.69	Alloy Steel	right
"5/8""-8"	6 ft.	1	1:1	"0.125"""	Class 2G	Grade B7	Rockwell C35	125000	ASTM A193	93410A130	61.72	Alloy Steel	right
"5/8""-8"	8 ft.	1	1:1	"0.125"""	Class 2G	Grade B7	Rockwell C35	125000	ASTM A193	93410A117	83.16	Alloy Steel	right
"5/8""-8"	12 ft.	1	1:1	"0.125"""	Class 2G	Grade B7	Rockwell C35	125000	ASTM A193	93410A845	117.76	Alloy Steel	right
"3/4""-5"	"12"""	1	1:1	"0.2"""	Class 2G	Grade B7	Rockwell C35	125000	ASTM A193	93410A936	23.1	Alloy Steel	right
"3/4""-5"	3 ft.	1	1:1	"0.2"""	Class 2G	Grade B7	Rockwell C35	125000	ASTM A193	93410A625	46.21	Alloy Steel	right
"3/4""-5"	6 ft.	1	1:1	"0.2"""	Class 2G	Grade B7	Rockwell C35	125000	ASTM A193	93410A140	81.1	Alloy Steel	right
"3/4""-5"	12 ft.	1	1:1	"0.2"""	Class 2G	Grade B7	Rockwell C35	125000	ASTM A193	93410A850	154.24	Alloy Steel	right
"3/4""-6"	"6"""	1	1:1	"0.167"""	Class 2G	Grade B7	Rockwell C35	125000	ASTM A193	93420A883	15.69	Alloy Steel	right
"3/4""-6"	"12"""	1	1:1	"0.167"""	Class 2G	Grade B7	Rockwell C35	125000	ASTM A193	93410A940	23.1	Alloy Steel	right
"3/4""-6"	2 ft.	1	1:1	"0.167"""	Class 2G	Grade B7	Rockwell C35	125000	ASTM A193	93410A118	32.79	Alloy Steel	right
"3/4""-6"	3 ft.	1	1:1	"0.167"""	Class 2G	Grade B7	Rockwell C35	125000	ASTM A193	93410A626	46.21	Alloy Steel	right
"3/4""-6"	4 ft.	1	1:1	"0.167"""	Class 2G	Grade B7	Rockwell C35	125000	ASTM A193	93410A119	52.34	Alloy Steel	right
"3/4""-6"	6 ft.	1	1:1	"0.167"""	Class 2G	Grade B7	Rockwell C35	125000	ASTM A193	93410A150	77.24	Alloy Steel	right
"3/4""-6"	8 ft.	1	1:1	"0.167"""	Class 2G	Grade B7	Rockwell C35	125000	ASTM A193	93410A121	102.84	Alloy Steel	right
"3/4""-6"	12 ft.	1	1:1	"0.167"""	Class 2G	Grade B7	Rockwell C35	125000	ASTM A193	93410A851	144.24	Alloy Steel	right
"3/4""-8"	"12"""	1	1:1	"0.125"""	Class 2G	Grade B7	Rockwell C35	125000	ASTM A193	93410A944	26.54	Alloy Steel	right
"3/4""-8"	3 ft.	1	1:1	"0.125"""	Class 2G	Grade B7	Rockwell C35	125000	ASTM A193	93410A628	55.48	Alloy Steel	right
"3/4""-8"	6 ft.	1	1:1	"0.125"""	Class 2G	Grade B7	Rockwell C35	125000	ASTM A193	93410A330	92.29	Alloy Steel	right
"7/8""-6"	"12"""	1	1:1	"0.167"""	Class 2G	Grade B7	Rockwell C35	125000	ASTM A193	93410A948	26.67	Alloy Steel	right
"7/8""-6"	3 ft.	1	1:1	"0.167"""	Class 2G	Grade B7	Rockwell C35	125000	ASTM A193	93410A630	57.27	Alloy Steel	right
"7/8""-6"	6 ft.	1	1:1	"0.167"""	Class 2G	Grade B7	Rockwell C35	125000	ASTM A193	93410A160	95	Alloy Steel	right
"1""-4"	"12"""	1	1:1	"0.25"""	Class 2G	Grade B7	Rockwell C35	125000	ASTM A193	93410A952	34.83	Alloy Steel	right
"1""-4"	3 ft.	1	1:1	"0.25"""	Class 2G	Grade B7	Rockwell C35	125000	ASTM A193	93410A632	71.72	Alloy Steel	right
"1""-4"	6 ft.	1	1:1	"0.25"""	Class 2G	Grade B7	Rockwell C35	125000	ASTM A193	93410A335	119.48	Alloy Steel	right
"1""-5"	"6"""	1	1:1	"0.2"""	Class 2G	Grade B7	Rockwell C35	125000	ASTM A193	93420A884	24.31	Alloy Steel	right
"1""-5"	"12"""	1	1:1	"0.2"""	Class 2G	Grade B7	Rockwell C35	125000	ASTM A193	93410A956	29.83	Alloy Steel	right
"1""-5"	2 ft.	1	1:1	"0.2"""	Class 2G	Grade B7	Rockwell C35	125000	ASTM A193	93410A122	48.79	Alloy Steel	right
"1""-5"	3 ft.	1	1:1	"0.2"""	Class 2G	Grade B7	Rockwell C35	125000	ASTM A193	93410A634	68.62	Alloy Steel	right
"1""-5"	4 ft.	1	1:1	"0.2"""	Class 2G	Grade B7	Rockwell C35	125000	ASTM A193	93410A123	77.86	Alloy Steel	right
"1""-5"	6 ft.	1	1:1	"0.2"""	Class 2G	Grade B7	Rockwell C35	125000	ASTM A193	93410A170	115	Alloy Steel	right
"1""-5"	8 ft.	1	1:1	"0.2"""	Class 2G	Grade B7	Rockwell C35	125000	ASTM A193	93410A124	152.91	Alloy Steel	right
"1""-5"	12 ft.	1	1:1	"0.2"""	Class 2G	Grade B7	Rockwell C35	125000	ASTM A193	93410A861	218.1	Alloy Steel	right
"1""-6"	"12"""	1	1:1	"0.167"""	Class 2G	Grade B7	Rockwell C35	125000	ASTM A193	93410A960	33.79	Alloy Steel	right
"1""-6"	3 ft.	1	1:1	"0.167"""	Class 2G	Grade B7	Rockwell C35	125000	ASTM A193	93410A635	68.62	Alloy Steel	right
"1""-6"	6 ft.	1	1:1	"0.167"""	Class 2G	Grade B7	Rockwell C35	125000	ASTM A193	93410A180	115	Alloy Steel	right
"1""-6"	12 ft.	1	1:1	"0.167"""	Class 2G	Grade B7	Rockwell C35	125000	ASTM A193	93410A862	218.1	Alloy Steel	right
"1""-8"	"12"""	1	1:1	"0.125"""	Class 2G	Grade B7	Rockwell C35	125000	ASTM A193	93410A964	34.48	Alloy Steel	right
"1""-8"	3 ft.	1	1:1	"0.125"""	Class 2G	Grade B7	Rockwell C35	125000	ASTM A193	93410A637	71.72	Alloy Steel	right
"1""-8"	6 ft.	1	1:1	"0.125"""	Class 2G	Grade B7	Rockwell C35	125000	ASTM A193	93410A340	133.28	Alloy Steel	right
"1""-10"	"12"""	1	1:1	"0.1"""	Class 2G	Grade B7	Rockwell C35	125000	ASTM A193	93410A968	34.48	Alloy Steel	right
"1""-10"	3 ft.	1	1:1	"0.1"""	Class 2G	Grade B7	Rockwell C35	125000	ASTM A193	93410A639	71.72	Alloy Steel	right
"1""-10"	6 ft.	1	1:1	"0.1"""	Class 2G	Grade B7	Rockwell C35	125000	ASTM A193	93410A190	122.12	Alloy Steel	right
"1""-10"	12 ft.	1	1:1	"0.1"""	Class 2G	Grade B7	Rockwell C35	125000	ASTM A193	93410A863	238.78	Alloy Steel	right
"1 1/8""-5"	"12"""	1	1:1	"0.2"""	Class 2G	Grade B7	Rockwell C35	125000	ASTM A193	93410A975	48.45	Alloy Steel	right
"1 1/8""-5"	3 ft.	1	1:1	"0.2"""	Class 2G	Grade B7	Rockwell C35	125000	ASTM A193	93410A645	96.55	Alloy Steel	right
"1 1/8""-5"	6 ft.	1	1:1	"0.2"""	Class 2G	Grade B7	Rockwell C35	125000	ASTM A193	93410A210	193.1	Alloy Steel	right
"1 1/4""-4"	"12"""	1	1:1	"0.25"""	Class 2G	Grade B7	Rockwell C35	125000	ASTM A193	93410A976	52.83	Alloy Steel	right
"1 1/4""-4"	3 ft.	1	1:1	"0.25"""	Class 2G	Grade B7	Rockwell C35	125000	ASTM A193	93410A650	95.17	Alloy Steel	right
"1 1/4""-4"	6 ft.	1	1:1	"0.25"""	Class 2G	Grade B7	Rockwell C35	125000	ASTM A193	93410A220	200.34	Alloy Steel	right
"1 1/4""-4"	12 ft.	1	1:1	"0.25"""	Class 2G	Grade B7	Rockwell C35	125000	ASTM A193	93410A871	385.52	Alloy Steel	right
"1 1/4""-5"	"12"""	1	1:1	"0.2"""	Class 2G	Grade B7	Rockwell C35	125000	ASTM A193	93420A650	66.72	Alloy Steel	right
"1 1/4""-5"	2 ft.	1	1:1	"0.2"""	Class 2G	Grade B7	Rockwell C35	125000	ASTM A193	93410A125	69.24	Alloy Steel	right
"1 1/4""-5"	3 ft.	1	1:1	"0.2"""	Class 2G	Grade B7	Rockwell C35	125000	ASTM A193	93410A651	95.17	Alloy Steel	right
"1 1/4""-5"	4 ft.	1	1:1	"0.2"""	Class 2G	Grade B7	Rockwell C35	125000	ASTM A193	93410A126	130.34	Alloy Steel	right
"1 1/4""-5"	6 ft.	1	1:1	"0.2"""	Class 2G	Grade B7	Rockwell C35	125000	ASTM A193	93410A230	189.66	Alloy Steel	right
"1 1/4""-5"	8 ft.	1	1:1	"0.2"""	Class 2G	Grade B7	Rockwell C35	125000	ASTM A193	93410A127	225	Alloy Steel	right
"1 1/4""-5"	12 ft.	1	1:1	"0.2"""	Class 2G	Grade B7	Rockwell C35	125000	ASTM A193	93410A872	379.31	Alloy Steel	right
"1 3/8""-4"	3 ft.	1	1:1	"0.25"""	Class 2G	Grade B7	Rockwell C35	125000	ASTM A193	93410A655	149.83	Alloy Steel	right
"1 3/8""-4"	6 ft.	1	1:1	"0.25"""	Class 2G	Grade B7	Rockwell C35	125000	ASTM A193	93410A240	262.07	Alloy Steel	right
"1 1/2""-4"	"12"""	1	1:1	"0.25"""	Class 2G	Grade B7	Rockwell C35	125000	ASTM A193	93420A750	78.63	Alloy Steel	right
"1 1/2""-4"	2 ft.	1	1:1	"0.25"""	Class 2G	Grade B7	Rockwell C35	125000	ASTM A193	93410A128	102.21	Alloy Steel	right
"1 1/2""-4"	3 ft.	1	1:1	"0.25"""	Class 2G	Grade B7	Rockwell C35	125000	ASTM A193	93410A660	134.7	Alloy Steel	right
"1 1/2""-4"	4 ft.	1	1:1	"0.25"""	Class 2G	Grade B7	Rockwell C35	125000	ASTM A193	93410A129	202.59	Alloy Steel	right
"1 1/2""-4"	6 ft.	1	1:1	"0.25"""	Class 2G	Grade B7	Rockwell C35	125000	ASTM A193	93410A250	257.15	Alloy Steel	right
"1 1/2""-4"	8 ft.	1	1:1	"0.25"""	Class 2G	Grade B7	Rockwell C35	125000	ASTM A193	93410A131	323.29	Alloy Steel	right
"1 1/2""-4"	12 ft.	1	1:1	"0.25"""	Class 2G	Grade B7	Rockwell C35	125000	ASTM A193	93410A877	489.84	Alloy Steel	right
"1 1/2""-5"	"12"""	1	1:1	"0.2"""	Class 2G	Grade B7	Rockwell C35	125000	ASTM A193	93410A990	79.39	Alloy Steel	right
"1 1/2""-5"	3 ft.	1	1:1	"0.2"""	Class 2G	Grade B7	Rockwell C35	125000	ASTM A193	93410A665	144.73	Alloy Steel	right
"1 1/2""-5"	6 ft.	1	1:1	"0.2"""	Class 2G	Grade B7	Rockwell C35	125000	ASTM A193	93410A345	220.59	Alloy Steel	right
"2""-4"	"12"""	1	1:1	"0.25"""	Class 2G	Grade B7	Rockwell C35	125000	ASTM A193	93410A993	125.66	Alloy Steel	right
"2""-4"	3 ft.	1	1:1	"0.25"""	Class 2G	Grade B7	Rockwell C35	125000	ASTM A193	93410A671	239.45	Alloy Steel	right
"2""-4"	6 ft.	1	1:1	"0.25"""	Class 2G	Grade B7	Rockwell C35	125000	ASTM A193	93410A260	479.21	Alloy Steel	right
"2 1/2""-4"	3 ft.	1	1:1	"0.25"""	Class 2G	Grade B7	Rockwell C35	125000	ASTM A193	93410A681	419.84	Alloy Steel	right
"1/4""-16"	"12"""	1	1:1	"0.063"""	Class 2G	__	Rockwell B96	Not Rated	__	95061A601	22.41	18-8 Stainless Steel	right
"1/4""-16"	3 ft.	1	1:1	"0.063"""	Class 2G	__	Rockwell B96	Not Rated	__	95061A801	42.36	18-8 Stainless Steel	right
"1/4""-16"	6 ft.	1	1:1	"0.063"""	Class 2G	__	Rockwell B96	Not Rated	__	95061A505	67.07	18-8 Stainless Steel	right
"3/8""-8"	"12"""	1	1:1	"0.125"""	Class 2G	__	Rockwell B96	Not Rated	__	95061A603	22.41	18-8 Stainless Steel	right
"3/8""-8"	3 ft.	1	1:1	"0.125"""	Class 2G	__	Rockwell B96	Not Rated	__	95061A807	40.86	18-8 Stainless Steel	right
"3/8""-8"	6 ft.	1	1:1	"0.125"""	Class 2G	__	Rockwell B96	Not Rated	__	95061A513	68.1	18-8 Stainless Steel	right
"3/8""-10"	"12"""	1	1:1	"0.1"""	Class 2G	__	Rockwell B96	Not Rated	__	95061A606	22.41	18-8 Stainless Steel	right
"3/8""-10"	3 ft.	1	1:1	"0.1"""	Class 2G	__	Rockwell B96	Not Rated	__	95061A810	40.86	18-8 Stainless Steel	right
"3/8""-10"	6 ft.	1	1:1	"0.1"""	Class 2G	__	Rockwell B96	Not Rated	__	95061A518	68.1	18-8 Stainless Steel	right
"3/8""-12"	"12"""	1	1:1	"0.083"""	Class 2G	__	Rockwell B96	Not Rated	__	95061A609	14.48	18-8 Stainless Steel	right
"3/8""-12"	3 ft.	1	1:1	"0.083"""	Class 2G	__	Rockwell B96	Not Rated	__	95061A813	40.86	18-8 Stainless Steel	right
"3/8""-12"	6 ft.	1	1:1	"0.083"""	Class 2G	__	Rockwell B96	Not Rated	__	95061A191	79.21	18-8 Stainless Steel	right
"3/8""-12"	12 ft.	1	1:1	"0.083"""	Class 2G	__	Rockwell B96	Not Rated	__	95061A923	141.86	18-8 Stainless Steel	right
"1/2""-8"	"12"""	1	1:1	"0.125"""	Class 2G	__	Rockwell B96	Not Rated	__	95061A612	28.07	18-8 Stainless Steel	right
"1/2""-8"	3 ft.	1	1:1	"0.125"""	Class 2G	__	Rockwell B96	Not Rated	__	95061A816	68.97	18-8 Stainless Steel	right
"1/2""-8"	6 ft.	1	1:1	"0.125"""	Class 2G	__	Rockwell B96	Not Rated	__	95061A524	125.17	18-8 Stainless Steel	right
"1/2""-10"	"6"""	1	1:1	"0.1"""	Class 2G	__	Rockwell B96	Not Rated	__	94330A110	19.76	18-8 Stainless Steel	right
"1/2""-10"	"12"""	1	1:1	"0.1"""	Class 2G	__	Rockwell B96	Not Rated	__	95061A615	28.07	18-8 Stainless Steel	right
"1/2""-10"	3 ft.	1	1:1	"0.1"""	Class 2G	__	Rockwell B96	Not Rated	__	95061A819	50.17	18-8 Stainless Steel	right
"1/2""-10"	6 ft.	1	1:1	"0.1"""	Class 2G	__	Rockwell B96	Not Rated	__	95061A212	69.72	18-8 Stainless Steel	right
"1/2""-10"	12 ft.	1	1:1	"0.1"""	Class 2G	__	Rockwell B96	Not Rated	__	95061A929	158.62	18-8 Stainless Steel	right
"5/8""-6"	"12"""	1	1:1	"0.167"""	Class 2G	__	Rockwell B96	Not Rated	__	95061A618	41.8	18-8 Stainless Steel	right
"5/8""-6"	3 ft.	1	1:1	"0.167"""	Class 2G	__	Rockwell B96	Not Rated	__	95061A823	80.34	18-8 Stainless Steel	right
"5/8""-6"	6 ft.	1	1:1	"0.167"""	Class 2G	__	Rockwell B96	Not Rated	__	95061A528	134.31	18-8 Stainless Steel	right
"5/8""-8"	"6"""	1	1:1	"0.125"""	Class 2G	__	Rockwell B96	Not Rated	__	94330A210	24.61	18-8 Stainless Steel	right
"5/8""-8"	"12"""	1	1:1	"0.125"""	Class 2G	__	Rockwell B96	Not Rated	__	95061A621	28.83	18-8 Stainless Steel	right
"5/8""-8"	3 ft.	1	1:1	"0.125"""	Class 2G	__	Rockwell B96	Not Rated	__	95061A825	69.83	18-8 Stainless Steel	right
"5/8""-8"	6 ft.	1	1:1	"0.125"""	Class 2G	__	Rockwell B96	Not Rated	__	95061A213	132.55	18-8 Stainless Steel	right
"5/8""-8"	12 ft.	1	1:1	"0.125"""	Class 2G	__	Rockwell B96	Not Rated	__	95061A935	219.83	18-8 Stainless Steel	right
"3/4""-5"	"6"""	1	1:1	"0.2"""	Class 2G	__	Rockwell B96	Not Rated	__	94330A310	31.93	18-8 Stainless Steel	right
"3/4""-5"	"12"""	1	1:1	"0.2"""	Class 2G	__	Rockwell B96	Not Rated	__	95061A624	48.97	18-8 Stainless Steel	right
"3/4""-5"	3 ft.	1	1:1	"0.2"""	Class 2G	__	Rockwell B96	Not Rated	__	95061A831	97.24	18-8 Stainless Steel	right
"3/4""-5"	6 ft.	1	1:1	"0.2"""	Class 2G	__	Rockwell B96	Not Rated	__	95061A217	170.23	18-8 Stainless Steel	right
"3/4""-5"	12 ft.	1	1:1	"0.2"""	Class 2G	__	Rockwell B96	Not Rated	__	95061A941	306.21	18-8 Stainless Steel	right
"3/4""-6"	"6"""	1	1:1	"0.167"""	Class 2G	__	Rockwell B96	Not Rated	__	94330A410	31.93	18-8 Stainless Steel	right
"3/4""-6"	"12"""	1	1:1	"0.167"""	Class 2G	__	Rockwell B96	Not Rated	__	95061A627	48.97	18-8 Stainless Steel	right
"3/4""-6"	"18"""	1	1:1	"0.167"""	Class 2G	__	Rockwell B96	Not Rated	__	94330A480	96.41	18-8 Stainless Steel	right
"3/4""-6"	3 ft.	1	1:1	"0.167"""	Class 2G	__	Rockwell B96	Not Rated	__	95061A832	97.24	18-8 Stainless Steel	right
"3/4""-6"	6 ft.	1	1:1	"0.167"""	Class 2G	__	Rockwell B96	Not Rated	__	95061A214	180.36	18-8 Stainless Steel	right
"3/4""-6"	12 ft.	1	1:1	"0.167"""	Class 2G	__	Rockwell B96	Not Rated	__	95061A942	321.52	18-8 Stainless Steel	right
"3/4""-8"	"12"""	1	1:1	"0.125"""	Class 2G	__	Rockwell B96	Not Rated	__	95061A630	51.55	18-8 Stainless Steel	right
"3/4""-8"	3 ft.	1	1:1	"0.125"""	Class 2G	__	Rockwell B96	Not Rated	__	95061A835	102.41	18-8 Stainless Steel	right
"3/4""-8"	6 ft.	1	1:1	"0.125"""	Class 2G	__	Rockwell B96	Not Rated	__	95061A533	170.52	18-8 Stainless Steel	right
"7/8""-6"	"12"""	1	1:1	"0.167"""	Class 2G	__	Rockwell B96	Not Rated	__	95061A633	62.59	18-8 Stainless Steel	right
"7/8""-6"	3 ft.	1	1:1	"0.167"""	Class 2G	__	Rockwell B96	Not Rated	__	95061A837	126.21	18-8 Stainless Steel	right
"7/8""-6"	6 ft.	1	1:1	"0.167"""	Class 2G	__	Rockwell B96	Not Rated	__	95061A193	223.9	18-8 Stainless Steel	right
"7/8""-6"	12 ft.	1	1:1	"0.167"""	Class 2G	__	Rockwell B96	Not Rated	__	95061A947	399.66	18-8 Stainless Steel	right
"1""-4"	"12"""	1	1:1	"0.25"""	Class 2G	__	Rockwell B96	Not Rated	__	95061A636	75	18-8 Stainless Steel	right
"1""-4"	3 ft.	1	1:1	"0.25"""	Class 2G	__	Rockwell B96	Not Rated	__	95061A840	150.69	18-8 Stainless Steel	right
"1""-4"	6 ft.	1	1:1	"0.25"""	Class 2G	__	Rockwell B96	Not Rated	__	95061A538	251.21	18-8 Stainless Steel	right
"1""-5"	"6"""	1	1:1	"0.2"""	Class 2G	__	Rockwell B96	Not Rated	__	94330A510	41.05	18-8 Stainless Steel	right
"1""-5"	"12"""	1	1:1	"0.2"""	Class 2G	__	Rockwell B96	Not Rated	__	95061A639	78.97	18-8 Stainless Steel	right
"1""-5"	"18"""	1	1:1	"0.2"""	Class 2G	__	Rockwell B96	Not Rated	__	94330A580	108.41	18-8 Stainless Steel	right
"1""-5"	3 ft.	1	1:1	"0.2"""	Class 2G	__	Rockwell B96	Not Rated	__	95061A843	158.28	18-8 Stainless Steel	right
"1""-5"	6 ft.	1	1:1	"0.2"""	Class 2G	__	Rockwell B96	Not Rated	__	95061A215	259.29	18-8 Stainless Steel	right
"1""-5"	12 ft.	1	1:1	"0.2"""	Class 2G	__	Rockwell B96	Not Rated	__	95061A953	502.07	18-8 Stainless Steel	right
"1""-6"	3 ft.	1	1:1	"0.167"""	Class 2G	__	Rockwell B96	Not Rated	__	95061A844	163.97	18-8 Stainless Steel	right
"1""-6"	6 ft.	1	1:1	"0.167"""	Class 2G	__	Rockwell B96	Not Rated	__	95061A196	243.98	18-8 Stainless Steel	right
"1""-6"	12 ft.	1	1:1	"0.167"""	Class 2G	__	Rockwell B96	Not Rated	__	95061A954	345.86	18-8 Stainless Steel	right
"1""-8"	3 ft.	1	1:1	"0.125"""	Class 2G	__	Rockwell B96	Not Rated	__	95061A846	160.83	18-8 Stainless Steel	right
"1""-8"	6 ft.	1	1:1	"0.125"""	Class 2G	__	Rockwell B96	Not Rated	__	95061A541	269.24	18-8 Stainless Steel	right
"1""-10"	3 ft.	1	1:1	"0.1"""	Class 2G	__	Rockwell B96	Not Rated	__	95061A847	201.03	18-8 Stainless Steel	right
"1""-10"	6 ft.	1	1:1	"0.1"""	Class 2G	__	Rockwell B96	Not Rated	__	95061A198	243.98	18-8 Stainless Steel	right
"1""-10"	12 ft.	1	1:1	"0.1"""	Class 2G	__	Rockwell B96	Not Rated	__	95061A957	661.76	18-8 Stainless Steel	right
"1 1/8""-5"	3 ft.	1	1:1	"0.2"""	Class 2G	__	Rockwell B96	Not Rated	__	95061A853	228.79	18-8 Stainless Steel	right
"1 1/8""-5"	6 ft.	1	1:1	"0.2"""	Class 2G	__	Rockwell B96	Not Rated	__	95061A220	321.72	18-8 Stainless Steel	right
"1 1/4""-4"	3 ft.	1	1:1	"0.25"""	Class 2G	__	Rockwell B96	Not Rated	__	95061A857	240	18-8 Stainless Steel	right
"1 1/4""-4"	6 ft.	1	1:1	"0.25"""	Class 2G	__	Rockwell B96	Not Rated	__	95061A201	349.64	18-8 Stainless Steel	right
"1 1/4""-5"	"18"""	1	1:1	"0.2"""	Class 2G	__	Rockwell B96	Not Rated	__	94330A680	172.91	18-8 Stainless Steel	right
"1 1/4""-5"	3 ft.	1	1:1	"0.2"""	Class 2G	__	Rockwell B96	Not Rated	__	95061A862	259.66	18-8 Stainless Steel	right
"1 1/4""-5"	6 ft.	1	1:1	"0.2"""	Class 2G	__	Rockwell B96	Not Rated	__	95061A218	349.64	18-8 Stainless Steel	right
"1 1/4""-5"	12 ft.	1	1:1	"0.2"""	Class 2G	__	Rockwell B96	Not Rated	__	95061A972	665.25	18-8 Stainless Steel	right
"1 1/2""-4"	3 ft.	1	1:1	"0.25"""	Class 2G	__	Rockwell B96	Not Rated	__	95061A871	377.24	18-8 Stainless Steel	right
"1 1/2""-4"	6 ft.	1	1:1	"0.25"""	Class 2G	__	Rockwell B96	Not Rated	__	95061A216	549.41	18-8 Stainless Steel	right
"1 1/2""-5"	3 ft.	1	1:1	"0.2"""	Class 2G	__	Rockwell B96	Not Rated	__	95061A877	292.97	18-8 Stainless Steel	right
"1 1/2""-5"	6 ft.	1	1:1	"0.2"""	Class 2G	__	Rockwell B96	Not Rated	__	95061A562	610.34	18-8 Stainless Steel	right
"2""-4"	3 ft.	1	1:1	"0.25"""	Class 2G	__	Rockwell B96	Not Rated	__	95061A883	607.41	18-8 Stainless Steel	right
"2""-4"	6 ft.	1	1:1	"0.25"""	Class 2G	__	Rockwell B96	Not Rated	__	95061A205	776.61	18-8 Stainless Steel	right
"1/4""-16"	"12"""	1	1:1	"0.063"""	Class 2G	__	Rockwell B97	75000	ASTM A193	97014A631	23.78	316 Stainless Steel	right
"1/4""-16"	3 ft.	1	1:1	"0.063"""	Class 2G	__	Rockwell B97	75000	ASTM A193	97014A632	42.07	316 Stainless Steel	right
"1/4""-16"	6 ft.	1	1:1	"0.063"""	Class 2G	__	Rockwell B97	75000	ASTM A193	97014A633	69.66	316 Stainless Steel	right
"3/8""-8"	"12"""	1	1:1	"0.125"""	Class 2G	__	Rockwell B97	75000	ASTM A193	97014A590	22.48	316 Stainless Steel	right
"3/8""-8"	3 ft.	1	1:1	"0.125"""	Class 2G	__	Rockwell B97	75000	ASTM A193	97014A310	56.24	316 Stainless Steel	right
"3/8""-8"	6 ft.	1	1:1	"0.125"""	Class 2G	__	Rockwell B97	75000	ASTM A193	97014A130	105.62	316 Stainless Steel	right
"3/8""-12"	"12"""	1	1:1	"0.083"""	Class 2G	__	Rockwell B97	75000	ASTM A193	97014A634	22.48	316 Stainless Steel	right
"3/8""-12"	3 ft.	1	1:1	"0.083"""	Class 2G	__	Rockwell B97	75000	ASTM A193	97014A635	48.45	316 Stainless Steel	right
"3/8""-12"	6 ft.	1	1:1	"0.083"""	Class 2G	__	Rockwell B97	75000	ASTM A193	97014A636	77.59	316 Stainless Steel	right
"1/2""-10"	"12"""	1	1:1	"0.1"""	Class 2G	__	Rockwell B97	75000	ASTM A193	97014A595	28	316 Stainless Steel	right
"1/2""-10"	3 ft.	1	1:1	"0.1"""	Class 2G	__	Rockwell B97	75000	ASTM A193	97014A315	65.17	316 Stainless Steel	right
"1/2""-10"	6 ft.	1	1:1	"0.1"""	Class 2G	__	Rockwell B97	75000	ASTM A193	97014A140	108.45	316 Stainless Steel	right
"5/8""-8"	"12"""	1	1:1	"0.125"""	Class 2G	__	Rockwell B97	75000	ASTM A193	97014A600	45.34	316 Stainless Steel	right
"5/8""-8"	3 ft.	1	1:1	"0.125"""	Class 2G	__	Rockwell B97	75000	ASTM A193	97014A320	86.55	316 Stainless Steel	right
"5/8""-8"	6 ft.	1	1:1	"0.125"""	Class 2G	__	Rockwell B97	75000	ASTM A193	97014A150	143.97	316 Stainless Steel	right
"3/4""-5"	"12"""	1	1:1	"0.2"""	Class 2G	__	Rockwell B97	75000	ASTM A193	97014A605	49.1	316 Stainless Steel	right
"3/4""-5"	3 ft.	1	1:1	"0.2"""	Class 2G	__	Rockwell B97	75000	ASTM A193	97014A325	120.17	316 Stainless Steel	right
"3/4""-5"	6 ft.	1	1:1	"0.2"""	Class 2G	__	Rockwell B97	75000	ASTM A193	97014A160	199.74	316 Stainless Steel	right
"3/4""-6"	"12"""	1	1:1	"0.167"""	Class 2G	__	Rockwell B97	75000	ASTM A193	97014A610	49.1	316 Stainless Steel	right
"3/4""-6"	3 ft.	1	1:1	"0.167"""	Class 2G	__	Rockwell B97	75000	ASTM A193	97014A330	120.17	316 Stainless Steel	right
"3/4""-6"	6 ft.	1	1:1	"0.167"""	Class 2G	__	Rockwell B97	75000	ASTM A193	97014A170	199.74	316 Stainless Steel	right
"7/8""-6"	"12"""	1	1:1	"0.167"""	Class 2G	__	Rockwell B97	75000	ASTM A193	97014A637	65.52	316 Stainless Steel	right
"7/8""-6"	3 ft.	1	1:1	"0.167"""	Class 2G	__	Rockwell B97	75000	ASTM A193	97014A638	125.52	316 Stainless Steel	right
"7/8""-6"	6 ft.	1	1:1	"0.167"""	Class 2G	__	Rockwell B97	75000	ASTM A193	97014A639	208.83	316 Stainless Steel	right
"1""-4"	"12"""	1	1:1	"0.25"""	Class 2G	__	Rockwell B97	75000	ASTM A193	97014A641	79.03	316 Stainless Steel	right
"1""-4"	3 ft.	1	1:1	"0.25"""	Class 2G	__	Rockwell B97	75000	ASTM A193	97014A642	165.52	316 Stainless Steel	right
"1""-4"	6 ft.	1	1:1	"0.25"""	Class 2G	__	Rockwell B97	75000	ASTM A193	97014A643	327.93	316 Stainless Steel	right
"1""-5"	"12"""	1	1:1	"0.2"""	Class 2G	__	Rockwell B97	75000	ASTM A193	97014A615	79.03	316 Stainless Steel	right
"1""-5"	3 ft.	1	1:1	"0.2"""	Class 2G	__	Rockwell B97	75000	ASTM A193	97014A335	196.55	316 Stainless Steel	right
"1""-5"	6 ft.	1	1:1	"0.2"""	Class 2G	__	Rockwell B97	75000	ASTM A193	97014A180	327.93	316 Stainless Steel	right
"1""-6"	"12"""	1	1:1	"0.167"""	Class 2G	__	Rockwell B97	75000	ASTM A193	97014A620	81.52	316 Stainless Steel	right
"1""-6"	3 ft.	1	1:1	"0.167"""	Class 2G	__	Rockwell B97	75000	ASTM A193	97014A340	187.17	316 Stainless Steel	right
"1""-6"	6 ft.	1	1:1	"0.167"""	Class 2G	__	Rockwell B97	75000	ASTM A193	97014A182	340.34	316 Stainless Steel	right
"1""-10"	"12"""	1	1:1	"0.1"""	Class 2G	__	Rockwell B97	75000	ASTM A193	97014A644	101.9	316 Stainless Steel	right
"1""-10"	3 ft.	1	1:1	"0.1"""	Class 2G	__	Rockwell B97	75000	ASTM A193	97014A645	249.48	316 Stainless Steel	right
"1""-10"	6 ft.	1	1:1	"0.1"""	Class 2G	__	Rockwell B97	75000	ASTM A193	97014A646	416.03	316 Stainless Steel	right
"1 1/4""-5"	"12"""	1	1:1	"0.2"""	Class 2G	__	Rockwell B97	75000	ASTM A193	97014A625	125.1	316 Stainless Steel	right
"1 1/4""-5"	3 ft.	1	1:1	"0.2"""	Class 2G	__	Rockwell B97	75000	ASTM A193	97014A345	309.31	316 Stainless Steel	right
"1 1/4""-5"	6 ft.	1	1:1	"0.2"""	Class 2G	__	Rockwell B97	75000	ASTM A193	97014A190	515	316 Stainless Steel	right
"1 1/2""-4"	"12"""	1	1:1	"0.25"""	Class 2G	__	Rockwell B97	75000	ASTM A193	97014A630	168.69	316 Stainless Steel	right
"1 1/2""-4"	3 ft.	1	1:1	"0.25"""	Class 2G	__	Rockwell B97	75000	ASTM A193	97014A350	392.79	316 Stainless Steel	right
"1 1/2""-4"	6 ft.	1	1:1	"0.25"""	Class 2G	__	Rockwell B97	75000	ASTM A193	97014A200	714.14	316 Stainless Steel	right
"1/4""-16"	3 ft.	1	1:1	"0.063"""	Class 2G	Grade 2	Rockwell B61	53000	ASTM A108	98935A404	$10.86	Carbon Steel	left
"1/4""-16"	6 ft.	1	1:1	"0.063"""	Class 2G	Grade 2	Rockwell B61	53000	ASTM A108	98935A405	19.61	Carbon Steel	left
"3/8""-12"	3 ft.	1	1:1	"0.083"""	Class 2G	Grade 2	Rockwell B61	53000	ASTM A108	98935A411	7.41	Carbon Steel	left
"3/8""-12"	6 ft.	1	1:1	"0.083"""	Class 2G	Grade 2	Rockwell B61	53000	ASTM A108	98935A410	14.07	Carbon Steel	left
"1/2""-8"	3 ft.	1	1:1	"0.125"""	Class 2G	Grade 2	Rockwell B61	53000	ASTM A108	98935A417	16.13	Carbon Steel	left
"1/2""-8"	6 ft.	1	1:1	"0.125"""	Class 2G	Grade 2	Rockwell B61	53000	ASTM A108	98935A418	29.02	Carbon Steel	left
"1/2""-10"	3 ft.	1	1:1	"0.1"""	Class 2G	Grade 2	Rockwell B61	53000	ASTM A108	98935A419	9.76	Carbon Steel	left
"1/2""-10"	6 ft.	1	1:1	"0.1"""	Class 2G	Grade 2	Rockwell B61	53000	ASTM A108	98935A420	16.49	Carbon Steel	left
"5/8""-6"	3 ft.	1	1:1	"0.167"""	Class 2G	Grade 2	Rockwell B61	53000	ASTM A108	98935A426	10.78	Carbon Steel	left
"5/8""-6"	6 ft.	1	1:1	"0.167"""	Class 2G	Grade 2	Rockwell B61	53000	ASTM A108	98935A427	20.58	Carbon Steel	left
"5/8""-8"	3 ft.	1	1:1	"0.125"""	Class 2G	Grade 2	Rockwell B61	53000	ASTM A108	98935A429	11.53	Carbon Steel	left
"5/8""-8"	6 ft.	1	1:1	"0.125"""	Class 2G	Grade 2	Rockwell B61	53000	ASTM A108	98935A430	19.09	Carbon Steel	left
"3/4""-5"	3 ft.	1	1:1	"0.2"""	Class 2G	Grade 2	Rockwell B61	53000	ASTM A108	98935A439	17.15	Carbon Steel	left
"3/4""-5"	6 ft.	1	1:1	"0.2"""	Class 2G	Grade 2	Rockwell B61	53000	ASTM A108	98935A440	29.04	Carbon Steel	left
"3/4""-6"	3 ft.	1	1:1	"0.167"""	Class 2G	Grade 2	Rockwell B61	53000	ASTM A108	98935A449	17.15	Carbon Steel	left
"3/4""-6"	6 ft.	1	1:1	"0.167"""	Class 2G	Grade 2	Rockwell B61	53000	ASTM A108	98935A450	29.04	Carbon Steel	left
"3/4""-8"	3 ft.	1	1:1	"0.125"""	Class 2G	Grade 2	Rockwell B61	53000	ASTM A108	98935A451	16.27	Carbon Steel	left
"3/4""-8"	6 ft.	1	1:1	"0.125"""	Class 2G	Grade 2	Rockwell B61	53000	ASTM A108	98935A452	33.8	Carbon Steel	left
"7/8""-6"	3 ft.	1	1:1	"0.167"""	Class 2G	Grade 2	Rockwell B61	53000	ASTM A108	98935A459	23.68	Carbon Steel	left
"7/8""-6"	6 ft.	1	1:1	"0.167"""	Class 2G	Grade 2	Rockwell B61	53000	ASTM A108	98935A460	45.13	Carbon Steel	left
"1""-4"	3 ft.	1	1:1	"0.25"""	Class 2G	Grade 2	Rockwell B61	53000	ASTM A108	98935A468	14.71	Carbon Steel	left
"1""-4"	6 ft.	1	1:1	"0.25"""	Class 2G	Grade 2	Rockwell B61	53000	ASTM A108	98935A469	26.32	Carbon Steel	left
"1""-5"	3 ft.	1	1:1	"0.2"""	Class 2G	Grade 2	Rockwell B61	53000	ASTM A108	98935A471	25.14	Carbon Steel	left
"1""-5"	6 ft.	1	1:1	"0.2"""	Class 2G	Grade 2	Rockwell B61	53000	ASTM A108	98935A470	42.54	Carbon Steel	left
"1""-6"	3 ft.	1	1:1	"0.167"""	Class 2G	Grade 2	Rockwell B61	53000	ASTM A108	98935A479	25.14	Carbon Steel	left
"1""-6"	6 ft.	1	1:1	"0.167"""	Class 2G	Grade 2	Rockwell B61	53000	ASTM A108	98935A480	42.54	Carbon Steel	left
"1""-8"	3 ft.	1	1:1	"0.125"""	Class 2G	Grade 2	Rockwell B61	53000	ASTM A108	98935A485	21.53	Carbon Steel	left
"1""-8"	6 ft.	1	1:1	"0.125"""	Class 2G	Grade 2	Rockwell B61	53000	ASTM A108	98935A486	43.52	Carbon Steel	left
"1""-10"	3 ft.	1	1:1	"0.1"""	Class 2G	Grade 2	Rockwell B61	53000	ASTM A108	98935A489	26.13	Carbon Steel	left
"1""-10"	6 ft.	1	1:1	"0.1"""	Class 2G	Grade 2	Rockwell B61	53000	ASTM A108	98935A490	49.8	Carbon Steel	left
"1 1/8""-5"	3 ft.	1	1:1	"0.2"""	Class 2G	Grade 2	Rockwell B61	53000	ASTM A108	98935A509	38.05	Carbon Steel	left
"1 1/8""-5"	6 ft.	1	1:1	"0.2"""	Class 2G	Grade 2	Rockwell B61	53000	ASTM A108	98935A510	72.46	Carbon Steel	left
"1 1/4""-4"	3 ft.	1	1:1	"0.25"""	Class 2G	Grade 2	Rockwell B61	53000	ASTM A108	98935A519	46.62	Carbon Steel	left
"1 1/4""-4"	6 ft.	1	1:1	"0.25"""	Class 2G	Grade 2	Rockwell B61	53000	ASTM A108	98935A520	88.83	Carbon Steel	left
"1 1/4""-5"	3 ft.	1	1:1	"0.2"""	Class 2G	Grade 2	Rockwell B61	53000	ASTM A108	98935A529	46.62	Carbon Steel	left
"1 1/4""-5"	6 ft.	1	1:1	"0.2"""	Class 2G	Grade 2	Rockwell B61	53000	ASTM A108	98935A530	88.83	Carbon Steel	left
"1 3/8""-4"	3 ft.	1	1:1	"0.25"""	Class 2G	Grade 2	Rockwell B61	53000	ASTM A108	98935A539	52.64	Carbon Steel	left
"1 3/8""-4"	6 ft.	1	1:1	"0.25"""	Class 2G	Grade 2	Rockwell B61	53000	ASTM A108	98935A540	100.29	Carbon Steel	left
"1 1/2""-4"	3 ft.	1	1:1	"0.25"""	Class 2G	Grade 2	Rockwell B61	53000	ASTM A108	98935A549	59.68	Carbon Steel	left
"1 1/2""-4"	6 ft.	1	1:1	"0.25"""	Class 2G	Grade 2	Rockwell B61	53000	ASTM A108	98935A550	125.62	Carbon Steel	left
"1 1/2""-5"	3 ft.	1	1:1	"0.2"""	Class 2G	Grade 2	Rockwell B61	53000	ASTM A108	98935A554	66.32	Carbon Steel	left
"1 1/2""-5"	6 ft.	1	1:1	"0.2"""	Class 2G	Grade 2	Rockwell B61	53000	ASTM A108	98935A555	76.27	Carbon Steel	left
"2""-4"	3 ft.	1	1:1	"0.25"""	Class 2G	Grade 2	Rockwell B61	53000	ASTM A108	98935A559	143.56	Carbon Steel	left
"2""-4"	6 ft.	1	1:1	"0.25"""	Class 2G	Grade 2	Rockwell B61	53000	ASTM A108	98935A560	233.39	Carbon Steel	left
"1/4""-16"	3 ft.	1	1:1	"0.063"""	Class 2G	Grade B7	Rockwell C35	125000	ASTM A193	93410A404	17.07	Alloy Steel	left
"1/4""-16"	6 ft.	1	1:1	"0.063"""	Class 2G	Grade B7	Rockwell C35	125000	ASTM A193	93410A405	31.03	Alloy Steel	left
"3/8""-8"	3 ft.	1	1:1	"0.125"""	Class 2G	Grade B7	Rockwell C35	125000	ASTM A193	93410A409	15.17	Alloy Steel	left
"3/8""-8"	6 ft.	1	1:1	"0.125"""	Class 2G	Grade B7	Rockwell C35	125000	ASTM A193	93410A410	24.83	Alloy Steel	left
"3/8""-10"	3 ft.	1	1:1	"0.1"""	Class 2G	Grade B7	Rockwell C35	125000	ASTM A193	93410A411	18.97	Alloy Steel	left
"3/8""-10"	6 ft.	1	1:1	"0.1"""	Class 2G	Grade B7	Rockwell C35	125000	ASTM A193	93410A412	34.14	Alloy Steel	left
"3/8""-12"	3 ft.	1	1:1	"0.083"""	Class 2G	Grade B7	Rockwell C35	125000	ASTM A193	93410A414	18.97	Alloy Steel	left
"3/8""-12"	6 ft.	1	1:1	"0.083"""	Class 2G	Grade B7	Rockwell C35	125000	ASTM A193	93410A415	85.86	Alloy Steel	left
"1/2""-8"	3 ft.	1	1:1	"0.125"""	Class 2G	Grade B7	Rockwell C35	125000	ASTM A193	93410A419	28.97	Alloy Steel	left
"1/2""-8"	6 ft.	1	1:1	"0.125"""	Class 2G	Grade B7	Rockwell C35	125000	ASTM A193	93410A420	52.14	Alloy Steel	left
"1/2""-10"	3 ft.	1	1:1	"0.1"""	Class 2G	Grade B7	Rockwell C35	125000	ASTM A193	93410A424	30.41	Alloy Steel	left
"1/2""-10"	6 ft.	1	1:1	"0.1"""	Class 2G	Grade B7	Rockwell C35	125000	ASTM A193	93410A425	59.79	Alloy Steel	left
"5/8""-6"	3 ft.	1	1:1	"0.167"""	Class 2G	Grade B7	Rockwell C35	125000	ASTM A193	93410A429	34.34	Alloy Steel	left
"5/8""-6"	6 ft.	1	1:1	"0.167"""	Class 2G	Grade B7	Rockwell C35	125000	ASTM A193	93410A430	61.79	Alloy Steel	left
"5/8""-8"	3 ft.	1	1:1	"0.125"""	Class 2G	Grade B7	Rockwell C35	125000	ASTM A193	93410A434	37.41	Alloy Steel	left
"5/8""-8"	6 ft.	1	1:1	"0.125"""	Class 2G	Grade B7	Rockwell C35	125000	ASTM A193	93410A435	61.72	Alloy Steel	left
"3/4""-5"	3 ft.	1	1:1	"0.2"""	Class 2G	Grade B7	Rockwell C35	125000	ASTM A193	93410A444	48.52	Alloy Steel	left
"3/4""-5"	6 ft.	1	1:1	"0.2"""	Class 2G	Grade B7	Rockwell C35	125000	ASTM A193	93410A445	94.97	Alloy Steel	left
"3/4""-6"	3 ft.	1	1:1	"0.167"""	Class 2G	Grade B7	Rockwell C35	125000	ASTM A193	93410A454	46.21	Alloy Steel	left
"3/4""-6"	6 ft.	1	1:1	"0.167"""	Class 2G	Grade B7	Rockwell C35	125000	ASTM A193	93410A455	77.24	Alloy Steel	left
"3/4""-8"	3 ft.	1	1:1	"0.125"""	Class 2G	Grade B7	Rockwell C35	125000	ASTM A193	93410A449	55.86	Alloy Steel	left
"3/4""-8"	6 ft.	1	1:1	"0.125"""	Class 2G	Grade B7	Rockwell C35	125000	ASTM A193	93410A450	92.29	Alloy Steel	left
"7/8""-6"	3 ft.	1	1:1	"0.167"""	Class 2G	Grade B7	Rockwell C35	125000	ASTM A193	93410A464	57.27	Alloy Steel	left
"7/8""-6"	6 ft.	1	1:1	"0.167"""	Class 2G	Grade B7	Rockwell C35	125000	ASTM A193	93410A465	95	Alloy Steel	left
"1""-4"	3 ft.	1	1:1	"0.25"""	Class 2G	Grade B7	Rockwell C35	125000	ASTM A193	93410A469	63.03	Alloy Steel	left
"1""-4"	6 ft.	1	1:1	"0.25"""	Class 2G	Grade B7	Rockwell C35	125000	ASTM A193	93410A470	119.48	Alloy Steel	left
"1""-5"	3 ft.	1	1:1	"0.2"""	Class 2G	Grade B7	Rockwell C35	125000	ASTM A193	93410A474	60.3	Alloy Steel	left
"1""-5"	6 ft.	1	1:1	"0.2"""	Class 2G	Grade B7	Rockwell C35	125000	ASTM A193	93410A475	115	Alloy Steel	left
"1""-6"	3 ft.	1	1:1	"0.167"""	Class 2G	Grade B7	Rockwell C35	125000	ASTM A193	93410A484	60.3	Alloy Steel	left
"1""-6"	6 ft.	1	1:1	"0.167"""	Class 2G	Grade B7	Rockwell C35	125000	ASTM A193	93410A485	115	Alloy Steel	left
"1""-8"	3 ft.	1	1:1	"0.125"""	Class 2G	Grade B7	Rockwell C35	125000	ASTM A193	93410A489	66.18	Alloy Steel	left
"1""-8"	6 ft.	1	1:1	"0.125"""	Class 2G	Grade B7	Rockwell C35	125000	ASTM A193	93410A490	133.09	Alloy Steel	left
"1""-10"	3 ft.	1	1:1	"0.1"""	Class 2G	Grade B7	Rockwell C35	125000	ASTM A193	93410A494	71.2	Alloy Steel	left
"1""-10"	6 ft.	1	1:1	"0.1"""	Class 2G	Grade B7	Rockwell C35	125000	ASTM A193	93410A495	128.23	Alloy Steel	left
"1 1/8""-5"	3 ft.	1	1:1	"0.2"""	Class 2G	Grade B7	Rockwell C35	125000	ASTM A193	93410A504	94.76	Alloy Steel	left
"1 1/8""-5"	6 ft.	1	1:1	"0.2"""	Class 2G	Grade B7	Rockwell C35	125000	ASTM A193	93410A505	193.1	Alloy Steel	left
"1 1/4""-4"	3 ft.	1	1:1	"0.25"""	Class 2G	Grade B7	Rockwell C35	125000	ASTM A193	93410A524	98.57	Alloy Steel	left
"1 1/4""-4"	6 ft.	1	1:1	"0.25"""	Class 2G	Grade B7	Rockwell C35	125000	ASTM A193	93410A525	215.52	Alloy Steel	left
"1 1/4""-5"	3 ft.	1	1:1	"0.2"""	Class 2G	Grade B7	Rockwell C35	125000	ASTM A193	93410A534	98.57	Alloy Steel	left
"1 1/4""-5"	6 ft.	1	1:1	"0.2"""	Class 2G	Grade B7	Rockwell C35	125000	ASTM A193	93410A535	215.52	Alloy Steel	left
"1 3/8""-4"	3 ft.	1	1:1	"0.25"""	Class 2G	Grade B7	Rockwell C35	125000	ASTM A193	93410A544	99.31	Alloy Steel	left
"1 3/8""-4"	6 ft.	1	1:1	"0.25"""	Class 2G	Grade B7	Rockwell C35	125000	ASTM A193	93410A545	262.07	Alloy Steel	left
"1 1/2""-4"	3 ft.	1	1:1	"0.25"""	Class 2G	Grade B7	Rockwell C35	125000	ASTM A193	93410A554	161.29	Alloy Steel	left
"1 1/2""-4"	6 ft.	1	1:1	"0.25"""	Class 2G	Grade B7	Rockwell C35	125000	ASTM A193	93410A555	273.79	Alloy Steel	left
"1 1/2""-5"	3 ft.	1	1:1	"0.2"""	Class 2G	Grade B7	Rockwell C35	125000	ASTM A193	93410A556	119.4	Alloy Steel	left
"1 1/2""-5"	6 ft.	1	1:1	"0.2"""	Class 2G	Grade B7	Rockwell C35	125000	ASTM A193	93410A557	268.99	Alloy Steel	left
"2""-4"	3 ft.	1	1:1	"0.25"""	Class 2G	Grade B7	Rockwell C35	125000	ASTM A193	93410A564	241.13	Alloy Steel	left
"2""-4"	6 ft.	1	1:1	"0.25"""	Class 2G	Grade B7	Rockwell C35	125000	ASTM A193	93410A565	544.83	Alloy Steel	left
